{"assets/icon/DFH_Fitness_012-1344x896.jpg":["assets/icon/DFH_Fitness_012-1344x896.jpg"],"assets/image/pas_forgot.svg":["assets/image/pas_forgot.svg"],"assets/image/pass_change.svg":["assets/image/pass_change.svg"],"assets/image/password_c.svg":["assets/image/password_c.svg"],"assets/image/verify.svg":["assets/image/verify.svg"],"packages/cupertino_icons/assets/CupertinoIcons.ttf":["packages/cupertino_icons/assets/CupertinoIcons.ttf"],"packages/fluttertoast/assets/toastify.css":["packages/fluttertoast/assets/toastify.css"],"packages/fluttertoast/assets/toastify.js":["packages/fluttertoast/assets/toastify.js"]}